Name,extraPointAttempted,extraPointMade,,
"Aguayo, Roberto",34,32,,
"Akers, David",168,167,,
"Andrus, Shane",3,3,,
"Bailey, Dan",250,250,,
"Barth, Connor",171,169,,
"Boswell, Chris",63,62,,
"Bryant, Matt",295,294,,
"Bullock, Randy",101,97,,
"Carney, John",3,3,,
"Carpenter, Dan",226,214,,
"Catanzaro, Chandler",132,123,,
"Crosby, Mason",345,339,,
"Dawson, Phil",209,207,,
"Feely, Jay",130,129,,
"Folk, Nick",206,204,,
"Forbath, Kai",141,135,,
"Franks, Andrew",78,74,,
"Gano, Graham",244,236,,
"Gostkowski, Stephen",347,344,,
"Gould, Robbie",232,226,,
"Hanson, Jason",111,111,,
"Hartley, Garrett",140,140,,
"Hauschka, Steven",256,244,,
"Hopkins, Dustin",79,75,,
"Janikowski, Sebastian",247,244,,
"Kaeding, Nate",49,49,,
"Kasay, John",80,80,,
"Koenen, Michael",0,0,,
"Lambo, Josh",78,70,,
"Lechler, Shane",0,0,,
"Lindell, Rian",127,126,,
"Lutz, Wil",50,49,,
"Mare, Olindo",83,82,,
"McManus, Brandon",110,108,,
"Myers, Jason",71,61,,
"Nedney, Joe",17,17,,
"Novak, Nick",213,207,,
"Parkey, Cody",82,81,,
"Pettrey, Aaron",5,5,,
"Prater, Matt",282,276,,
"Rackers, Neil",83,82,,
"Rayner, Dave",29,29,,
"Reed, Jeff",32,32,,
"Santos, Cairo",118,113,,
"Scobee, Josh",137,134,,
"Sturgis, Caleb",142,139,,
"Succop, Ryan",230,226,,
"Tucker, Justin",166,166,,
"Vinatieri, Adam",275,272,,
"Walsh, Blair",165,156,,
"Welker, Wes",1,1,,
"Zuerlein, Greg",146,143,,